SELECT id,title FROM dc_table_2 WHERE content @@ 'January';
 id | title 
----+-------
 5  | 5
 1  | 1
(2 rows)

SELECT id,title FROM dc_table_2 WHERE content @@ 'Cocoa';
 id | title 
----+-------
 1  | 1
(1 row)

SELECT id,title FROM dc_table_2 WHERE content @@ 'feedgrain';
 id | title 
----+-------
 5  | 5
(1 row)

SELECT id,title FROM dc_table_2 WHERE content @@ 'Cocoa' AND content @@ 'feedgrain';
 id | title 
----+-------
(0 rows)

SELECT id,title FROM dc_table_2 WHERE content @@ 'Cocoa' OR content @@ 'feedgrain';
 id | title 
----+-------
 5  | 5
 1  | 1
(2 rows)

